<?xml version="1.0" encoding="UTF-8" standalone="yes"?>
<addon id="repo.reflex" name="[COLOR limegreen][B]RefleX[/B][/COLOR]Wizard Repository" version="2.0" provider-name="drinfernoo">
    <extension point="xbmc.addon.repository" name="[COLOR limegreen][B]RefleX[/B][/COLOR]Wizard Repository">
        <dir minversion="18.9.0">
            <info compressed="false">https://raw.githubusercontent.com/1RefleX/repo.reflex/master/addons.xml</info>
            <checksum>https://raw.githubusercontent.com/1RefleX/repo.reflex/master/addons.xml.md5</checksum>
            <datadir zip="true">https://raw.githubusercontent.com/1RefleX/repo.reflex/master/</datadir>
        </dir>
    </extension>
    
    <extension point="xbmc.addon.metadata">
        <summary>[COLOR limegreen][B]RefleX[/B][/COLOR]Wizard</summary>
        <description>The official home of [COLOR limegreen][B]RefleX[/B][/COLOR]Wizard.</description>
        <disclaimer></disclaimer>
        <platform>all</platform>
        <assets>
            <icon>icon.png</icon>
            <fanart>fanart.jpg</fanart>
        </assets>
        <source>https://1RefleX.github.io/repo.reflex/</source>
    </extension>
</addon>